STK,EXP,NIFTY,SYMBOL,OI,CHNGOI,OICHNGPER,TTV,IV,LTP,CHNG,PCHNG,TBQ,TSQ,BQ,BP,AQ,AP,SPOT
14200,23-Sep-2021,NIFTY,OPTIDXNIFTY23-09-2021PE14200.00,8618,67,0.783534089580166,16443,95.38,0.4,-0.0499999999999999,-11.111111111111107,285300,71850,27200,0.35,4800,0.4,17562
14250,23-Sep-2021,NIFTY,OPTIDXNIFTY23-09-2021CE14250.00,4,4,0.0,8,0.0,3283.15,1591.75,94.10843088565684,7750,4950,50,3240.95,200,3397.4,17562
14250,23-Sep-2021,NIFTY,OPTIDXNIFTY23-09-2021PE14250.00,260,227,687.8787878787879,4776,93.93,0.4,-0.4,-50.0,39500,11600,1500,0.45,100,0.55,17562
14300,23-Sep-2021,NIFTY,OPTIDXNIFTY23-09-2021CE14300.00,4,4,0.0,8,0.0,3232.3,1492.9,85.82844659077843,7450,4650,50,3189.35,200,3305.15,17562
14300,23-Sep-2021,NIFTY,OPTIDXNIFTY23-09-2021PE14300.00,778,15,1.965923984272608,10768,92.48,0.4,-0.25,-38.46153846153846,115900,29000,1600,0.4,50,0.45,17562
14350,23-Sep-2021,NIFTY,OPTIDXNIFTY23-09-2021CE14350.00,0,0,0.0,8,0.0,3181.45,1483.4499999999998,87.3645465253239,7450,4650,50,3139.5,700,3255.3,17562
14350,23-Sep-2021,NIFTY,OPTIDXNIFTY23-09-2021PE14350.00,22,19,633.3333333333334,132,91.03,0.4,-0.65,-61.90476190476191,16150,13300,2100,0.4,300,0.7,17562
14400,23-Sep-2021,NIFTY,OPTIDXNIFTY23-09-2021CE14400.00,1,1,0.0,8,0.0,3130.2,1473.15,88.90196433420837,10000,4450,50,3089.4,500,3202.95,17562
14400,23-Sep-2021,NIFTY,OPTIDXNIFTY23-09-2021PE14400.00,871,-20,-2.244668911335578,8831,90.51,0.45,-0.3,-40.0,91750,27850,3950,0.45,1900,0.55,17562
14450,23-Sep-2021,NIFTY,OPTIDXNIFTY23-09-2021CE14450.00,0,0,0.0,8,0.0,3074.9,1458.35,90.21372676378708,9450,3950,1000,2965.4,1000,3206.55,17562
14450,23-Sep-2021,NIFTY,OPTIDXNIFTY23-09-2021PE14450.00,28,28,0.0,11809,89.89,0.5,-147.5,-99.66216216216216,15850,6750,3200,0.45,50,0.8,17562
14500,23-Sep-2021,NIFTY,OPTIDXNIFTY23-09-2021CE14500.00,0,-1,-100.0,10,0.0,3047.95,5.849999999999909,0.1923013707636142,7450,4650,50,2992.75,200,3099.9,17562
14500,23-Sep-2021,NIFTY,OPTIDXNIFTY23-09-2021PE14500.00,5483,116,2.161356437488355,14071,88.43,0.5,-0.15,-23.07692307692308,341400,61300,200,0.5,2400,0.65,17562
14550,23-Sep-2021,NIFTY,OPTIDXNIFTY23-09-2021CE14550.00,1,1,0.0,8,305.29,3426.4,1889.55,122.94953964277582,7050,4250,50,2942.75,500,3078.5,17562
14550,23-Sep-2021,NIFTY,OPTIDXNIFTY23-09-2021PE14550.00,35,27,337.5,91,89.69,0.7,0.0,0.0,14750,21900,1650,0.7,2050,1.0,17562
14600,23-Sep-2021,NIFTY,OPTIDXNIFTY23-09-2021CE14600.00,0,0,0.0,8,292.71,3346.65,1848.95,123.452627361955,7050,7000,50,2894.0,500,2990.4,17562
14600,23-Sep-2021,NIFTY,OPTIDXNIFTY23-09-2021PE14600.00,1345,100,8.032128514056225,1753,83.85,0.4,-0.25,-38.46153846153846,96600,38000,2250,0.4,1300,0.65,17562
14650,23-Sep-2021,NIFTY,OPTIDXNIFTY23-09-2021CE14650.00,0,0,0.0,8,295.09,3316.1,1857.1,127.28581220013707,9250,3750,3750,2772.5,1000,3037.85,17562
14650,23-Sep-2021,NIFTY,OPTIDXNIFTY23-09-2021PE14650.00,30,15,100.0,4337,76.08,0.15,-0.6,-80.0,10100,22900,2400,0.15,2100,1.3,17562
14700,23-Sep-2021,NIFTY,OPTIDXNIFTY23-09-2021CE14700.00,0,0,0.0,0,0.0,0.0,0.0,0.0,6950,4150,50,2794.3,400,2908.85,17562
14700,23-Sep-2021,NIFTY,OPTIDXNIFTY23-09-2021PE14700.00,268,-12,-4.285714285714286,6733,83.33,0.55,-0.35,-38.888888888888886,48200,34750,300,0.55,50,0.8,17562
14750,23-Sep-2021,NIFTY,OPTIDXNIFTY23-09-2021CE14750.00,0,0,0.0,0,0.0,0.0,0.0,0.0,9300,3750,50,2744.55,1000,2858.25,17562
14750,23-Sep-2021,NIFTY,OPTIDXNIFTY23-09-2021PE14750.00,5,-9,-64.28571428571429,3031,85.32,0.85,-0.0999999999999999,-10.52631578947368,10800,25850,3000,0.15,50,1.4,17562
14800,23-Sep-2021,NIFTY,OPTIDXNIFTY23-09-2021CE14800.00,0,0,0.0,0,0.0,0.0,0.0,0.0,9700,4150,50,2695.35,400,2803.95,17562
14800,23-Sep-2021,NIFTY,OPTIDXNIFTY23-09-2021PE14800.00,252,100,65.78947368421052,1227,79.73,0.5,-0.5,-50.0,73900,30600,11350,0.5,50,0.95,17562
14850,23-Sep-2021,NIFTY,OPTIDXNIFTY23-09-2021CE14850.00,0,0,0.0,0,0.0,0.0,0.0,0.0,9700,4150,50,2644.4,400,2754.4,17562
14850,23-Sep-2021,NIFTY,OPTIDXNIFTY23-09-2021PE14850.00,22,2,10.0,624,78.98,0.55,-0.8499999999999999,-60.71428571428571,35400,23450,100,0.25,50,1.2,17562
14900,23-Sep-2021,NIFTY,OPTIDXNIFTY23-09-2021CE14900.00,0,0,0.0,0,0.0,0.0,0.0,0.0,9700,6900,50,2597.5,400,2701.8,17562
14900,23-Sep-2021,NIFTY,OPTIDXNIFTY23-09-2021PE14900.00,324,122,60.3960396039604,1548,77.53,0.55,-0.4499999999999999,-44.99999999999999,107700,33100,2000,0.55,50,0.75,17562
14950,23-Sep-2021,NIFTY,OPTIDXNIFTY23-09-2021CE14950.00,0,0,0.0,0,0.0,0.0,0.0,0.0,9250,9250,1000,2485.0,1000,2653.5,17562
14950,23-Sep-2021,NIFTY,OPTIDXNIFTY23-09-2021PE14950.00,61,60,6000.0,129,79.78,0.9,0.55,157.14285714285717,25050,13750,2100,0.45,2000,1.05,17562
15000,23-Sep-2021,NIFTY,OPTIDXNIFTY23-09-2021CE15000.00,7,0,0.0,0,0.0,2584.3,0.0,0.0,12950,7450,1000,2436.9,900,2624.5,17562
15000,23-Sep-2021,NIFTY,OPTIDXNIFTY23-09-2021PE15000.00,7580,361,5.000692616705915,17359,74.65,0.55,-0.3999999999999999,-42.105263157894726,500200,62200,28400,0.45,4900,0.55,17562
15050,23-Sep-2021,NIFTY,OPTIDXNIFTY23-09-2021CE15050.00,0,0,0.0,0,0.0,0.0,0.0,0.0,9750,12450,1000,2387.2,1000,2587.25,17562
15050,23-Sep-2021,NIFTY,OPTIDXNIFTY23-09-2021PE15050.00,13,10,333.3333333333333,986,71.12,0.4,-1.1,-73.33333333333334,41850,23750,2100,0.25,50,1.85,17562
15100,23-Sep-2021,NIFTY,OPTIDXNIFTY23-09-2021CE15100.00,0,0,0.0,0,0.0,0.0,0.0,0.0,12100,12050,50,2399.95,1000,2516.9,17562
15100,23-Sep-2021,NIFTY,OPTIDXNIFTY23-09-2021PE15100.00,154,45,41.28440366972477,1612,76.1,1.0,-0.25,-20.0,77500,20400,1150,0.7,50,1.0,17562
15150,23-Sep-2021,NIFTY,OPTIDXNIFTY23-09-2021CE15150.00,0,0,0.0,0,0.0,0.0,0.0,0.0,12050,12050,2750,2289.85,1000,2488.65,17562
15150,23-Sep-2021,NIFTY,OPTIDXNIFTY23-09-2021PE15150.00,10,9,900.0,44,71.47,0.65,-0.0499999999999999,-7.142857142857134,36550,16050,1500,0.35,50,1.75,17562
15200,23-Sep-2021,NIFTY,OPTIDXNIFTY23-09-2021CE15200.00,0,0,0.0,0,0.0,0.0,0.0,0.0,12100,12050,50,2301.1,1000,2432.75,17562
15200,23-Sep-2021,NIFTY,OPTIDXNIFTY23-09-2021PE15200.00,185,-41,-18.141592920353983,1870,71.01,0.75,-0.55,-42.30769230769231,85650,25700,1650,0.75,900,0.95,17562
15250,23-Sep-2021,NIFTY,OPTIDXNIFTY23-09-2021CE15250.00,0,0,0.0,0,0.0,0.0,0.0,0.0,12050,12050,1000,2193.6,1000,2398.95,17562
15250,23-Sep-2021,NIFTY,OPTIDXNIFTY23-09-2021PE15250.00,1,-6,-85.71428571428571,28,72.31,1.1,-0.5499999999999998,-33.33333333333333,41400,24450,2100,0.55,2000,1.35,17562
15300,23-Sep-2021,NIFTY,OPTIDXNIFTY23-09-2021CE15300.00,1,0,0.0,0,0.0,2298.9,0.0,0.0,12050,12050,1000,2150.95,1000,2336.95,17562
15300,23-Sep-2021,NIFTY,OPTIDXNIFTY23-09-2021PE15300.00,279,-132,-32.11678832116788,2675,67.13,0.65,-0.7499999999999999,-53.57142857142857,84300,30450,1500,0.7,1750,1.0,17562
15350,23-Sep-2021,NIFTY,OPTIDXNIFTY23-09-2021CE15350.00,0,0,0.0,0,0.0,0.0,0.0,0.0,12100,12050,50,2153.8,1000,2263.35,17562
15350,23-Sep-2021,NIFTY,OPTIDXNIFTY23-09-2021PE15350.00,26,-7,-21.21212121212121,1222,67.47,0.85,-0.4,-32.0,39300,16100,1100,0.85,50,1.55,17562
15400,23-Sep-2021,NIFTY,OPTIDXNIFTY23-09-2021CE15400.00,1,1,0.0,1,0.0,2005.55,1063.25,112.83561498461212,12050,12050,2750,2029.9,1000,2235.3,17562
15400,23-Sep-2021,NIFTY,OPTIDXNIFTY23-09-2021PE15400.00,135,-12,-8.16326530612245,2422,66.75,0.95,-0.4000000000000001,-29.62962962962964,73250,19350,3050,0.7,150,0.95,17562
15450,23-Sep-2021,NIFTY,OPTIDXNIFTY23-09-2021CE15450.00,0,0,0.0,0,0.0,0.0,0.0,0.0,12050,9300,1000,2001.9,1000,2195.05,17562
15450,23-Sep-2021,NIFTY,OPTIDXNIFTY23-09-2021PE15450.00,9,8,800.0,3707,55.19,0.15,-1.4500000000000002,-90.625,25450,18850,1000,0.4,2000,2.35,17562
15500,23-Sep-2021,NIFTY,OPTIDXNIFTY23-09-2021CE15500.00,3,0,0.0,1,0.0,1903.0,8.200000000000045,0.4327633523327024,13250,10200,1050,2005.3,700,2132.05,17562
15500,23-Sep-2021,NIFTY,OPTIDXNIFTY23-09-2021PE15500.00,10553,-1575,-12.986477572559366,24384,65.39,1.2,-0.1999999999999999,-14.285714285714285,490550,70800,2500,1.05,950,1.25,17562
15550,23-Sep-2021,NIFTY,OPTIDXNIFTY23-09-2021CE15550.00,7,-1,-12.5,24,69.49,2023.0,30.34999999999991,1.523097382882087,9650,9600,50,1959.45,1000,2077.3,17562
15550,23-Sep-2021,NIFTY,OPTIDXNIFTY23-09-2021PE15550.00,71,13,22.41379310344828,5554,57.87,0.45,-0.6500000000000001,-59.09090909090909,51700,21700,1950,0.45,50,1.05,17562
15600,23-Sep-2021,NIFTY,OPTIDXNIFTY23-09-2021CE15600.00,5,-1,-16.666666666666668,1,0.0,1800.3,-139.10000000000014,-7.172321336495831,12200,12100,50,1906.5,1000,2015.8,17562
15600,23-Sep-2021,NIFTY,OPTIDXNIFTY23-09-2021PE15600.00,791,53,7.181571815718157,4339,61.16,1.0,-0.3999999999999999,-28.57142857142857,156450,25750,2700,0.85,50,1.0,17562
15650,23-Sep-2021,NIFTY,OPTIDXNIFTY23-09-2021CE15650.00,2,0,0.0,0,0.0,1736.25,0.0,0.0,12150,12050,50,1832.6,1000,1950.7,17562
15650,23-Sep-2021,NIFTY,OPTIDXNIFTY23-09-2021PE15650.00,90,29,47.540983606557376,257,62.16,1.45,-0.1500000000000001,-9.375000000000009,47350,26600,50,0.65,1200,1.25,17562
15700,23-Sep-2021,NIFTY,OPTIDXNIFTY23-09-2021CE15700.00,62,0,0.0,6,0.0,1680.85,-25.350000000000136,-1.4857578244051186,15500,12650,250,1845.8,750,1911.8,17562
15700,23-Sep-2021,NIFTY,OPTIDXNIFTY23-09-2021PE15700.00,1254,-6,-0.4761904761904761,8070,58.2,1.0,-0.55,-35.483870967741936,220950,31150,350,1.0,50,1.35,17562
15750,23-Sep-2021,NIFTY,OPTIDXNIFTY23-09-2021CE15750.00,2,0,0.0,0,0.0,1826.55,0.0,0.0,12250,12150,50,1763.85,50,1864.15,17562
15750,23-Sep-2021,NIFTY,OPTIDXNIFTY23-09-2021PE15750.00,57,-12,-17.391304347826086,623,56.72,1.0,-0.95,-48.71794871794872,45550,30300,300,0.65,50,1.35,17562
15800,23-Sep-2021,NIFTY,OPTIDXNIFTY23-09-2021CE15800.00,18,-4,-18.181818181818183,17,0.0,1751.0,5.9500000000000455,0.3409644422795934,12700,12350,50,1739.65,500,1794.4,17562
15800,23-Sep-2021,NIFTY,OPTIDXNIFTY23-09-2021PE15800.00,1510,-561,-27.088363109608885,19410,55.82,1.1,-0.4499999999999999,-29.032258064516125,204600,39750,2400,1.1,50,1.3,17562
15850,23-Sep-2021,NIFTY,OPTIDXNIFTY23-09-2021CE15850.00,1,0,0.0,0,0.0,1728.85,0.0,0.0,12200,12100,50,1638.5,1000,1776.75,17562
15850,23-Sep-2021,NIFTY,OPTIDXNIFTY23-09-2021PE15850.00,41,-2,-4.651162790697675,481,57.49,1.8,0.05,2.85714285714286,53550,24550,1000,0.6,2000,1.85,17562
15900,23-Sep-2021,NIFTY,OPTIDXNIFTY23-09-2021CE15900.00,7,0,0.0,0,0.0,1713.1,22.399999999999864,1.32489501389956,12150,12050,50,1600.7,1000,1722.85,17562
15900,23-Sep-2021,NIFTY,OPTIDXNIFTY23-09-2021PE15900.00,1495,-17,-1.1243386243386244,21182,53.36,1.2,-0.5,-29.411764705882355,465550,38850,1700,1.1,50,1.25,17562
15950,23-Sep-2021,NIFTY,OPTIDXNIFTY23-09-2021CE15950.00,1,0,0.0,0,0.0,1628.75,0.0,0.0,12100,12050,1000,1523.25,1000,1652.95,17562
15950,23-Sep-2021,NIFTY,OPTIDXNIFTY23-09-2021PE15950.00,57,20,54.054054054054056,825,52.33,1.3,-0.55,-29.72972972972973,59300,27400,1000,0.75,200,1.3,17562
16000,23-Sep-2021,NIFTY,OPTIDXNIFTY23-09-2021CE16000.00,134,-1,-0.7407407407407407,14,0.0,1531.55,141.5999999999999,10.187416813554435,33650,18100,100,1559.75,100,1613.25,17562
16000,23-Sep-2021,NIFTY,OPTIDXNIFTY23-09-2021PE16000.00,36367,4288,13.367000218211292,160561,50.82,1.3,-0.55,-29.72972972972973,1392700,87000,2300,1.3,6850,1.4,17562
16050,23-Sep-2021,NIFTY,OPTIDXNIFTY23-09-2021CE16050.00,1,0,0.0,0,0.0,1543.65,0.0,0.0,14950,12100,50,1448.45,1000,1549.6,17562
16050,23-Sep-2021,NIFTY,OPTIDXNIFTY23-09-2021PE16050.00,222,54,32.142857142857146,1398,49.31,1.3,-0.7499999999999998,-36.58536585365853,74600,29550,850,0.95,50,2.0,17562
16100,23-Sep-2021,NIFTY,OPTIDXNIFTY23-09-2021CE16100.00,79,0,0.0,1,0.0,1322.9,-178.29999999999995,-11.877164934718888,20800,16100,50,1439.75,250,1483.55,17562
16100,23-Sep-2021,NIFTY,OPTIDXNIFTY23-09-2021PE16100.00,3806,-312,-7.576493443419135,47941,48.01,1.35,-0.7999999999999998,-37.20930232558139,210350,30150,1950,1.35,50,2.0,17562
16150,23-Sep-2021,NIFTY,OPTIDXNIFTY23-09-2021CE16150.00,1,0,0.0,0,0.0,1446.85,0.0,0.0,20550,12100,50,1374.25,1000,1469.05,17562
16150,23-Sep-2021,NIFTY,OPTIDXNIFTY23-09-2021PE16150.00,262,141,116.52892561983472,1633,46.5,1.35,-1.0,-42.5531914893617,81850,31100,350,1.35,750,1.7,17562
16200,23-Sep-2021,NIFTY,OPTIDXNIFTY23-09-2021CE16200.00,81,0,0.0,0,0.0,1193.25,0.0,0.0,32750,18800,100,1362.6,100,1427.05,17562
16200,23-Sep-2021,NIFTY,OPTIDXNIFTY23-09-2021PE16200.00,8650,520,6.396063960639607,87597,45.18,1.4,-1.2000000000000002,-46.15384615384615,251950,55850,7050,1.4,2100,1.5,17562
16250,23-Sep-2021,NIFTY,OPTIDXNIFTY23-09-2021CE16250.00,1,0,0.0,0,0.0,1346.1,0.0,0.0,20650,12200,50,1303.2,100,1338.9,17562
16250,23-Sep-2021,NIFTY,OPTIDXNIFTY23-09-2021PE16250.00,542,179,49.31129476584022,2839,43.85,1.45,-1.3,-47.27272727272727,81750,23900,1000,1.45,50,1.6,17562
16300,23-Sep-2021,NIFTY,OPTIDXNIFTY23-09-2021CE16300.00,110,24,27.906976744186046,36,0.0,1248.6,150.25,13.679610324577776,37350,16300,100,1264.0,100,1313.6,17562
16300,23-Sep-2021,NIFTY,OPTIDXNIFTY23-09-2021PE16300.00,10560,119,1.1397375730294033,122555,42.32,1.45,-1.7,-53.96825396825397,275950,71850,7700,1.4,23200,1.5,17562
16350,23-Sep-2021,NIFTY,OPTIDXNIFTY23-09-2021CE16350.00,8,0,0.0,0,0.0,1256.8,0.0,0.0,20600,12200,100,1200.15,100,1226.7,17562
16350,23-Sep-2021,NIFTY,OPTIDXNIFTY23-09-2021PE16350.00,1352,54,4.160246533127889,6866,41.91,1.8,-1.3,-41.935483870967744,97150,27100,1800,1.4,50,1.7,17562
16400,23-Sep-2021,NIFTY,OPTIDXNIFTY23-09-2021CE16400.00,57,8,16.3265306122449,40,0.0,965.0,-29.75,-2.990701181201307,37150,16500,100,1166.25,100,1184.2,17562
16400,23-Sep-2021,NIFTY,OPTIDXNIFTY23-09-2021PE16400.00,12632,-3739,-22.839166819375727,116964,40.35,1.8,-2.1500000000000004,-54.43037974683544,148550,105500,600,1.8,100,1.95,17562
16450,23-Sep-2021,NIFTY,OPTIDXNIFTY23-09-2021CE16450.00,3,0,0.0,0,0.0,1148.9,0.0,0.0,20700,12300,100,1105.8,100,1141.3,17562
16450,23-Sep-2021,NIFTY,OPTIDXNIFTY23-09-2021PE16450.00,2825,1359,92.7012278308322,11993,39.45,2.05,-2.8500000000000005,-58.16326530612245,74200,22700,50,1.95,50,2.05,17562
16500,23-Sep-2021,NIFTY,OPTIDXNIFTY23-09-2021CE16500.00,290,61,26.63755458515284,209,0.0,1070.2,182.4000000000001,20.545167830592487,40400,21500,150,1063.85,100,1079.7,17562
16500,23-Sep-2021,NIFTY,OPTIDXNIFTY23-09-2021PE16500.00,73970,18888,34.29069387458698,391779,38.11,2.15,-3.35,-60.909090909090914,1020500,106950,1000,2.1,1850,2.15,17562
16550,23-Sep-2021,NIFTY,OPTIDXNIFTY23-09-2021CE16550.00,68,4,6.25,11,0.0,1020.6,177.64999999999998,21.07479684441544,46100,18950,100,1003.05,100,1047.65,17562
16550,23-Sep-2021,NIFTY,OPTIDXNIFTY23-09-2021PE16550.00,2652,319,13.673381911701671,18113,37.39,2.55,-4.65,-64.58333333333334,150250,19750,2000,2.35,50,2.9,17562
16600,23-Sep-2021,NIFTY,OPTIDXNIFTY23-09-2021CE16600.00,978,800,449.438202247191,962,26.82,971.3,169.44999999999993,21.132381368086293,136250,22000,50,958.3,100,1024.0,17562
16600,23-Sep-2021,NIFTY,OPTIDXNIFTY23-09-2021PE16600.00,28691,7956,38.36990595611285,179881,36.15,2.75,-4.75,-63.33333333333333,365150,40250,2400,2.7,1650,2.95,17562
16650,23-Sep-2021,NIFTY,OPTIDXNIFTY23-09-2021CE16650.00,53,15,39.47368421052632,17,0.0,920.25,165.20000000000005,21.87934573869281,58700,20300,100,915.9,100,952.2,17562
16650,23-Sep-2021,NIFTY,OPTIDXNIFTY23-09-2021PE16650.00,3963,18,0.4562737642585551,29137,34.77,2.9,-5.75,-66.47398843930635,211700,32150,1200,2.9,800,3.6,17562
16700,23-Sep-2021,NIFTY,OPTIDXNIFTY23-09-2021CE16700.00,675,511,311.5853658536585,708,31.17,873.05,175.89999999999998,25.23129885964283,58900,20350,100,868.6,100,889.65,17562
16700,23-Sep-2021,NIFTY,OPTIDXNIFTY23-09-2021PE16700.00,38735,14442,59.44922405631252,218593,34.15,3.55,-6.6000000000000005,-65.02463054187191,439750,45700,750,3.55,800,3.6,17562
16750,23-Sep-2021,NIFTY,OPTIDXNIFTY23-09-2021CE16750.00,50,21,72.41379310344827,37,0.0,739.65,82.04999999999995,12.47718978102189,46350,20400,50,757.35,100,832.05,17562
16750,23-Sep-2021,NIFTY,OPTIDXNIFTY23-09-2021PE16750.00,8230,990,13.67403314917127,50189,32.79,3.8,-8.2,-68.33333333333333,249600,34450,1150,3.55,50,4.15,17562
16800,23-Sep-2021,NIFTY,OPTIDXNIFTY23-09-2021CE16800.00,1082,824,319.37984496124034,1070,30.51,774.6,165.55000000000007,27.1816763812495,49300,19050,50,706.25,50,774.0,17562
16800,23-Sep-2021,NIFTY,OPTIDXNIFTY23-09-2021PE16800.00,58179,28929,98.9025641025641,317686,32.52,5.0,-8.7,-63.503649635036496,366650,76900,550,4.25,350,5.0,17562
16850,23-Sep-2021,NIFTY,OPTIDXNIFTY23-09-2021CE16850.00,33,6,22.22222222222222,17,25.08,722.55,161.14999999999998,28.705023156394727,66150,20400,100,715.05,100,748.1,17562
16850,23-Sep-2021,NIFTY,OPTIDXNIFTY23-09-2021PE16850.00,6171,726,13.333333333333334,70289,30.67,4.95,-11.150000000000002,-69.25465838509317,211000,49100,600,4.4,100,5.25,17562
16900,23-Sep-2021,NIFTY,OPTIDXNIFTY23-09-2021CE16900.00,172,-10,-5.494505494505495,314,26.53,674.25,165.25,32.4656188605108,75950,30400,50,664.7,100,680.2,17562
16900,23-Sep-2021,NIFTY,OPTIDXNIFTY23-09-2021PE16900.00,26396,-631,-2.334702334702335,290428,29.18,5.25,-13.1,-71.38964577656675,288700,82150,150,5.25,50,5.95,17562
16950,23-Sep-2021,NIFTY,OPTIDXNIFTY23-09-2021CE16950.00,51,-1,-1.9230769230769231,61,0.0,613.3,144.69999999999993,30.87921468203157,52500,21100,50,563.5,50,632.45,17562
16950,23-Sep-2021,NIFTY,OPTIDXNIFTY23-09-2021PE16950.00,7615,675,9.72622478386167,104085,25.88,3.85,-19.2,-83.29718004338395,198700,65400,27800,3.0,2400,6.45,17562
17000,23-Sep-2021,NIFTY,OPTIDXNIFTY23-09-2021CE17000.00,5464,2048,59.95316159250586,22139,26.23,577.4,159.45,38.15049647086972,124550,45200,50,573.85,100,578.0,17562
17000,23-Sep-2021,NIFTY,OPTIDXNIFTY23-09-2021PE17000.00,80157,3918,5.139102034391847,767464,26.77,6.75,-19.35,-74.13793103448276,393000,248600,50,6.45,250,6.85,17562
17050,23-Sep-2021,NIFTY,OPTIDXNIFTY23-09-2021CE17050.00,173,90,108.43373493975903,284,31.2,539.35,167.55,45.0645508337816,79050,22750,100,523.5,50,533.2,17562
17050,23-Sep-2021,NIFTY,OPTIDXNIFTY23-09-2021PE17050.00,7927,280,3.661566627435596,195790,25.29,7.35,-23.4,-76.09756097560975,136500,79850,1050,7.35,850,7.85,17562
17100,23-Sep-2021,NIFTY,OPTIDXNIFTY23-09-2021CE17100.00,772,49,6.77731673582296,8441,23.93,479.65,150.2,45.59113674305661,92900,32600,100,475.2,1450,480.4,17562
17100,23-Sep-2021,NIFTY,OPTIDXNIFTY23-09-2021PE17100.00,36208,3095,9.346782230543894,672011,23.78,8.05,-28.7,-78.0952380952381,154800,129550,1300,7.7,50,8.2,17562
17150,23-Sep-2021,NIFTY,OPTIDXNIFTY23-09-2021CE17150.00,322,123,61.80904522613066,3659,21.33,428.75,141.0,49.00086880973067,92950,25550,50,414.3,50,443.4,17562
17150,23-Sep-2021,NIFTY,OPTIDXNIFTY23-09-2021PE17150.00,14625,4256,41.04542385958145,346962,22.3,8.95,-34.849999999999994,-79.56621004566209,222850,80950,100,8.7,1250,10.3,17562
17200,23-Sep-2021,NIFTY,OPTIDXNIFTY23-09-2021CE17200.00,2900,-1218,-29.5774647887324,46438,20.28,380.5,131.6,52.872639614302926,100400,29000,450,380.0,100,382.25,17562
17200,23-Sep-2021,NIFTY,OPTIDXNIFTY23-09-2021PE17200.00,59860,8270,16.03023841829812,999617,21.24,10.95,-42.05,-79.33962264150944,135000,245200,3000,10.5,1850,10.95,17562
17250,23-Sep-2021,NIFTY,OPTIDXNIFTY23-09-2021CE17250.00,1085,375,52.816901408450704,32571,21.24,337.6,127.20000000000002,60.45627376425856,96550,32550,50,320.55,100,336.45,17562
17250,23-Sep-2021,NIFTY,OPTIDXNIFTY23-09-2021PE17250.00,19691,8293,72.75837866292332,505188,19.64,12.25,-51.35,-80.73899371069182,111550,132750,750,11.05,50,12.6,17562
17300,23-Sep-2021,NIFTY,OPTIDXNIFTY23-09-2021CE17300.00,9405,3496,59.163987138263664,286083,18.25,286.0,111.3,63.70921579851174,128100,46700,800,286.0,100,287.15,17562
17300,23-Sep-2021,NIFTY,OPTIDXNIFTY23-09-2021PE17300.00,63505,12694,24.982779319438706,1483226,18.43,15.0,-63.150000000000006,-80.80614203454894,166700,444200,800,15.05,2350,15.15,17562
17350,23-Sep-2021,NIFTY,OPTIDXNIFTY23-09-2021CE17350.00,2461,-1513,-38.07247106190236,242035,15.95,236.35,94.29999999999998,66.3850756775783,126600,47600,150,236.3,750,238.95,17562
17350,23-Sep-2021,NIFTY,OPTIDXNIFTY23-09-2021PE17350.00,26303,12147,85.8081378920599,826857,16.84,17.5,-78.0,-81.67539267015707,154900,202150,1500,17.5,1050,18.2,17562
17400,23-Sep-2021,NIFTY,OPTIDXNIFTY23-09-2021CE17400.00,27812,-6272,-18.401596056800845,1300672,15.37,192.9,79.65,70.33112582781457,180250,77050,1550,192.95,50,195.0,17562
17400,23-Sep-2021,NIFTY,OPTIDXNIFTY23-09-2021PE17400.00,73680,17785,31.81858842472493,1833567,16.11,24.05,-91.9,-79.25830099180682,212600,520550,50,24.0,800,24.9,17562
17450,23-Sep-2021,NIFTY,OPTIDXNIFTY23-09-2021CE17450.00,11939,-4614,-27.874101371352623,840084,14.54,151.05,61.30000000000001,68.30083565459611,133550,66900,200,151.0,650,152.6,17562
17450,23-Sep-2021,NIFTY,OPTIDXNIFTY23-09-2021PE17450.00,23714,8906,60.1431658562939,703639,15.19,32.25,-109.3,-77.2165312610385,144550,225250,100,31.45,1900,32.25,17562
17500,23-Sep-2021,NIFTY,OPTIDXNIFTY23-09-2021CE17500.00,53240,-4634,-8.007049797836679,2005312,14.46,116.0,46.6,67.14697406340056,281000,250200,1400,114.2,1650,116.0,17562
17500,23-Sep-2021,NIFTY,OPTIDXNIFTY23-09-2021PE17500.00,59138,18454,45.35935502900403,1020738,14.96,46.85,-123.05,-72.4249558563861,192550,364250,350,45.0,3800,46.85,17562
17550,23-Sep-2021,NIFTY,OPTIDXNIFTY23-09-2021CE17550.00,29742,4778,19.139560967793624,762567,14.36,85.75,32.75,61.79245283018868,147650,167500,750,84.55,650,85.75,17562
17550,23-Sep-2021,NIFTY,OPTIDXNIFTY23-09-2021PE17550.00,15861,7501,89.72488038277513,205088,14.35,64.05,-138.60000000000002,-68.3937823834197,227250,122900,50,64.0,800,65.9,17562
17600,23-Sep-2021,NIFTY,OPTIDXNIFTY23-09-2021CE17600.00,69118,-12858,-15.685078559578413,1511598,14.31,60.95,21.050000000000004,52.75689223057645,396100,443200,50,60.5,12050,61.0,17562
17600,23-Sep-2021,NIFTY,OPTIDXNIFTY23-09-2021PE17600.00,22320,-2269,-9.227703444629713,271990,14.58,90.7,-149.25,-62.20045842883935,185400,149650,50,88.8,250,90.9,17562
17650,23-Sep-2021,NIFTY,OPTIDXNIFTY23-09-2021CE17650.00,32331,-3563,-9.926450103081295,578732,14.13,40.85,10.8,35.94009983361065,148850,218450,1000,40.55,300,40.85,17562
17650,23-Sep-2021,NIFTY,OPTIDXNIFTY23-09-2021PE17650.00,3524,-491,-12.229140722291406,26580,14.58,121.3,-161.05,-57.0391358243315,214550,58150,1950,119.0,50,121.3,17562
17700,23-Sep-2021,NIFTY,OPTIDXNIFTY23-09-2021CE17700.00,84692,-9400,-9.990222335586449,1118454,14.12,26.5,3.6000000000000014,15.720524017467255,280150,601900,550,26.05,1100,26.5,17562
17700,23-Sep-2021,NIFTY,OPTIDXNIFTY23-09-2021PE17700.00,9770,-836,-7.882330756175749,86690,14.46,156.2,-165.65000000000003,-51.46807519030605,213150,52850,2100,155.05,500,156.2,17562
17750,23-Sep-2021,NIFTY,OPTIDXNIFTY23-09-2021CE17750.00,39708,-4109,-9.377638815984664,471164,14.61,18.0,0.3000000000000007,1.6949152542372925,196250,317500,100,17.25,7950,18.0,17562
17750,23-Sep-2021,NIFTY,OPTIDXNIFTY23-09-2021PE17750.00,3302,-37,-1.108116202455825,5421,14.67,196.5,-174.95,-47.099205815049125,276450,40200,750,194.85,50,197.25,17562
17800,23-Sep-2021,NIFTY,OPTIDXNIFTY23-09-2021CE17800.00,95784,-9113,-8.68756971124055,809109,15.05,12.0,-1.6999999999999993,-12.408759124087588,748600,752150,50,11.65,16600,12.0,17562
17800,23-Sep-2021,NIFTY,OPTIDXNIFTY23-09-2021PE17800.00,5151,-324,-5.917808219178082,22614,15.42,241.25,-175.5,-42.11157768446311,289000,51650,50,239.4,100,242.9,17562
17850,23-Sep-2021,NIFTY,OPTIDXNIFTY23-09-2021CE17850.00,35109,6289,21.82165163081193,242992,15.52,8.0,-2.85,-26.26728110599078,250600,248650,100,7.8,100,8.05,17562
17850,23-Sep-2021,NIFTY,OPTIDXNIFTY23-09-2021PE17850.00,723,-25,-3.342245989304813,2773,14.24,283.8,-190.8,-40.202275600505686,264850,38350,100,284.6,100,289.95,17562
17900,23-Sep-2021,NIFTY,OPTIDXNIFTY23-09-2021CE17900.00,59804,-5881,-8.953337900586131,484772,16.12,5.5,-3.1999999999999997,-36.78160919540229,416850,294250,100,5.35,2050,5.5,17562
17900,23-Sep-2021,NIFTY,OPTIDXNIFTY23-09-2021PE17900.00,1661,-211,-11.27136752136752,2016,16.79,334.8,-177.2,-34.609375,251100,32600,50,333.05,100,336.5,17562
17950,23-Sep-2021,NIFTY,OPTIDXNIFTY23-09-2021CE17950.00,17921,-4588,-20.38295792793993,106821,16.49,3.55,-3.65,-50.69444444444445,259350,123500,650,3.55,750,4.45,17562
17950,23-Sep-2021,NIFTY,OPTIDXNIFTY23-09-2021PE17950.00,957,-13,-1.3402061855670102,928,18.85,385.0,-185.15,-32.473910374462854,127850,30050,100,370.35,100,386.05,17562
18000,23-Sep-2021,NIFTY,OPTIDXNIFTY23-09-2021CE18000.00,121152,1669,1.396851434932166,563372,18.18,3.5,-2.8,-44.44444444444444,474850,597500,3750,3.35,750,3.65,17562
18000,23-Sep-2021,NIFTY,OPTIDXNIFTY23-09-2021PE18000.00,10697,2708,33.89660783577419,14092,20.12,434.05,-197.24999999999997,-31.24504989703785,505750,41100,600,432.05,150,435.35,17562
18050,23-Sep-2021,NIFTY,OPTIDXNIFTY23-09-2021CE18050.00,13679,-8385,-38.00308194343727,82049,19.29,2.95,-2.3,-43.8095238095238,131100,118600,400,2.4,950,2.95,17562
18050,23-Sep-2021,NIFTY,OPTIDXNIFTY23-09-2021PE18050.00,67,2,3.076923076923077,12,19.96,481.7,-178.55,-27.04278682317304,98650,27350,100,478.15,100,517.05,17562
18100,23-Sep-2021,NIFTY,OPTIDXNIFTY23-09-2021CE18100.00,41111,-7446,-15.334555264946353,219150,20.49,2.6,-2.1,-44.680851063829785,326450,155950,300,2.3,1550,2.6,17562
18100,23-Sep-2021,NIFTY,OPTIDXNIFTY23-09-2021PE18100.00,179,-29,-13.942307692307692,313,21.97,532.0,-180.70000000000005,-25.35428651606567,80400,35050,100,527.95,50,539.35,17562
18150,23-Sep-2021,NIFTY,OPTIDXNIFTY23-09-2021CE18150.00,7417,-1924,-20.59736644898833,32545,20.32,1.5,-2.75,-64.70588235294117,123750,96200,1200,1.55,1700,2.75,17562
18150,23-Sep-2021,NIFTY,OPTIDXNIFTY23-09-2021PE18150.00,40,0,0.0,19,72.57,739.0,-25.149999999999977,-3.2912386311588007,65350,31750,100,545.1,50,625.35,17562
18200,23-Sep-2021,NIFTY,OPTIDXNIFTY23-09-2021CE18200.00,48240,-14108,-22.627830884711617,212392,22.88,2.1,-1.65,-44.0,936950,189600,36700,2.1,2800,2.2,17562
18200,23-Sep-2021,NIFTY,OPTIDXNIFTY23-09-2021PE18200.00,96,-9,-8.571428571428571,28,49.8,688.0,-119.60000000000002,-14.80931154036652,569700,29900,100,623.1,150,633.6,17562
18250,23-Sep-2021,NIFTY,OPTIDXNIFTY23-09-2021CE18250.00,6606,-1261,-16.02898182280412,18485,24.21,2.0,-1.6,-44.44444444444445,182100,117700,50,1.85,2000,2.0,17562
18250,23-Sep-2021,NIFTY,OPTIDXNIFTY23-09-2021PE18250.00,30,-4,-11.764705882352942,4,69.32,800.9,-56.60000000000002,-6.600583090379011,95700,21050,50,672.5,50,733.05,17562
18300,23-Sep-2021,NIFTY,OPTIDXNIFTY23-09-2021CE18300.00,30438,-10951,-26.45872091618546,151294,25.11,1.7,-1.7,-50.0,744550,131900,500,1.75,2500,2.0,17562
18300,23-Sep-2021,NIFTY,OPTIDXNIFTY23-09-2021PE18300.00,42,0,0.0,1,90.21,927.1,220.55000000000007,31.21505908994411,39750,29700,100,720.85,100,780.15,17562
18350,23-Sep-2021,NIFTY,OPTIDXNIFTY23-09-2021CE18350.00,3705,-1203,-24.51100244498777,10430,27.07,1.95,-1.2,-38.095238095238095,86600,65000,1550,1.65,5600,2.0,17562
18350,23-Sep-2021,NIFTY,OPTIDXNIFTY23-09-2021PE18350.00,24,0,0.0,0,0.0,753.6,0.0,0.0,21200,22000,100,742.0,50,823.3,17562
18400,23-Sep-2021,NIFTY,OPTIDXNIFTY23-09-2021CE18400.00,29483,-8498,-22.37434506727048,112589,27.76,1.6,-1.4,-46.66666666666666,341150,104850,5950,1.6,800,1.75,17562
18400,23-Sep-2021,NIFTY,OPTIDXNIFTY23-09-2021PE18400.00,24,-3,-11.11111111111111,12,58.37,884.85,-129.75,-12.788290952099349,15050,21050,100,796.6,50,863.2,17562
18450,23-Sep-2021,NIFTY,OPTIDXNIFTY23-09-2021CE18450.00,4832,185,3.981063051431031,5911,29.04,1.55,-1.2,-43.63636363636363,207550,56800,500,1.5,650,1.7,17562
18450,23-Sep-2021,NIFTY,OPTIDXNIFTY23-09-2021PE18450.00,4,4,0.0,18,76.57,987.9,-529.3000000000001,-34.88663327181651,15300,20500,300,876.5,50,885.55,17562
18500,23-Sep-2021,NIFTY,OPTIDXNIFTY23-09-2021CE18500.00,78370,-599,-0.7585254973470602,211479,30.56,1.6,-1.0499999999999998,-39.62264150943396,1641900,159050,1550,1.6,4450,1.75,17562
18500,23-Sep-2021,NIFTY,OPTIDXNIFTY23-09-2021PE18500.00,36,-57,-61.29032258064516,81,33.82,931.15,-175.94999999999993,-15.89287327251377,16500,29050,100,906.1,100,934.6,17562
18550,23-Sep-2021,NIFTY,OPTIDXNIFTY23-09-2021CE18550.00,740,-101,-12.009512485136742,1220,31.67,1.5,-1.0499999999999998,-41.17647058823529,72750,53600,50,1.5,950,1.85,17562
18550,23-Sep-2021,NIFTY,OPTIDXNIFTY23-09-2021PE18550.00,8,0,0.0,0,0.0,1193.5,21.75,1.8561979944527416,15650,12900,50,940.75,50,1000.3,17562
18600,23-Sep-2021,NIFTY,OPTIDXNIFTY23-09-2021CE18600.00,14440,-6812,-32.05345379258423,43542,32.9,1.45,-1.3,-47.27272727272727,356950,81450,50,1.5,2500,1.9,17562
18600,23-Sep-2021,NIFTY,OPTIDXNIFTY23-09-2021PE18600.00,4,0,0.0,0,0.0,803.45,0.0,0.0,16200,16650,50,1018.35,50,1042.45,17562
18650,23-Sep-2021,NIFTY,OPTIDXNIFTY23-09-2021CE18650.00,639,-199,-23.747016706443915,1646,33.78,1.3,-1.2,-48.0,92500,54400,250,1.1,750,1.65,17562
18650,23-Sep-2021,NIFTY,OPTIDXNIFTY23-09-2021PE18650.00,0,0,0.0,0,0.0,0.0,0.0,0.0,15400,12650,1000,1038.4,50,1112.2,17562
18700,23-Sep-2021,NIFTY,OPTIDXNIFTY23-09-2021CE18700.00,10904,-4764,-30.40592290017871,28100,34.59,1.15,-1.35,-54.0,317000,85350,50,1.15,500,1.3,17562
18700,23-Sep-2021,NIFTY,OPTIDXNIFTY23-09-2021PE18700.00,5,0,0.0,0,0.0,1326.2,11.900000000000093,0.9054249410332564,15050,12300,1000,1090.25,250,1180.8,17562
18750,23-Sep-2021,NIFTY,OPTIDXNIFTY23-09-2021CE18750.00,366,-38,-9.405940594059404,2734,35.51,1.05,-1.2,-53.333333333333336,69100,67350,500,1.05,250,1.5,17562
18750,23-Sep-2021,NIFTY,OPTIDXNIFTY23-09-2021PE18750.00,1,0,0.0,0,0.0,1408.3,26.799999999999955,1.9399203764024575,15550,12750,200,1145.05,200,1211.4,17562
18800,23-Sep-2021,NIFTY,OPTIDXNIFTY23-09-2021CE18800.00,9881,477,5.07230965546576,23135,35.68,0.8,-1.4,-63.63636363636363,434400,115150,650,0.8,600,1.5,17562
18800,23-Sep-2021,NIFTY,OPTIDXNIFTY23-09-2021PE18800.00,0,0,0.0,0,0.0,0.0,0.0,0.0,14850,12100,1000,1192.7,50,1281.65,17562
18850,23-Sep-2021,NIFTY,OPTIDXNIFTY23-09-2021CE18850.00,403,-18,-4.275534441805226,2751,38.26,1.1,-1.15,-51.11111111111111,77600,62600,50,0.8,350,1.1,17562
18850,23-Sep-2021,NIFTY,OPTIDXNIFTY23-09-2021PE18850.00,4,0,0.0,0,0.0,1510.05,27.549999999999955,1.8583473861720037,12800,12750,200,1236.2,200,1312.0,17562
18900,23-Sep-2021,NIFTY,OPTIDXNIFTY23-09-2021CE18900.00,14174,-3967,-21.867592745714127,30464,37.88,0.75,-1.4,-65.11627906976743,550150,118200,4400,0.75,2350,1.6,17562
18900,23-Sep-2021,NIFTY,OPTIDXNIFTY23-09-2021PE18900.00,9,0,0.0,0,0.0,1561.4,28.15000000000009,1.8359693461601232,12300,12250,200,1284.4,1000,1391.1,17562
18950,23-Sep-2021,NIFTY,OPTIDXNIFTY23-09-2021CE18950.00,526,-44,-7.719298245614035,6621,40.35,1.0,-1.0,-50.0,60900,29200,4750,0.65,2000,1.0,17562
18950,23-Sep-2021,NIFTY,OPTIDXNIFTY23-09-2021PE18950.00,0,0,0.0,0,0.0,0.0,0.0,0.0,14850,12100,1000,1339.25,50,1410.8,17562
19000,23-Sep-2021,NIFTY,OPTIDXNIFTY23-09-2021CE19000.00,46482,289,0.6256359188621653,100263,40.02,0.7,-1.3,-65.0,1047600,373100,3600,0.7,35900,0.75,17562
19000,23-Sep-2021,NIFTY,OPTIDXNIFTY23-09-2021PE19000.00,2,0,0.0,0,0.0,1388.55,0.0,0.0,15050,12250,200,1397.75,200,1486.25,17562
19050,23-Sep-2021,NIFTY,OPTIDXNIFTY23-09-2021CE19050.00,270,100,58.8235294117647,726,42.59,0.95,-1.0,-51.28205128205129,69300,72500,2450,0.6,600,1.0,17562
19050,23-Sep-2021,NIFTY,OPTIDXNIFTY23-09-2021PE19050.00,9,1,12.5,1,117.04,1627.35,-130.35000000000014,-7.415941286909036,10050,10050,200,1440.4,50,1548.3,17562
19100,23-Sep-2021,NIFTY,OPTIDXNIFTY23-09-2021CE19100.00,5676,296,5.50185873605948,11830,43.0,0.8,-1.0,-55.55555555555556,243750,102650,1000,0.75,1250,0.8,17562
19100,23-Sep-2021,NIFTY,OPTIDXNIFTY23-09-2021PE19100.00,1,0,0.0,2,126.62,1703.0,184.0999999999999,12.120613601948772,10300,10850,500,1511.05,50,1561.2,17562
19150,23-Sep-2021,NIFTY,OPTIDXNIFTY23-09-2021CE19150.00,3373,-530,-13.579297975915962,9348,43.59,0.7,-1.05,-60.0,186500,82200,5200,0.6,450,0.7,17562
19150,23-Sep-2021,NIFTY,OPTIDXNIFTY23-09-2021PE19150.00,8,0,0.0,0,0.0,1800.7,0.0,0.0,11750,9000,500,1546.5,50,1625.65,17562
